body,n_cpp,n_taichi,t,T_finite_fraction_cpp,T_finite_fraction_taichi,T_mean_cpp,T_mean_taichi,com_x_cpp,com_x_taichi,com_y_cpp,com_y_taichi,com_z_cpp,com_z_taichi,nu_finite_fraction_cpp,nu_finite_fraction_taichi,nu_mean_cpp,nu_mean_taichi,t_taichi,time_error,v_mean_cpp,v_mean_taichi,x_max_cpp,x_max_taichi,x_min_cpp,x_min_taichi,y_max_cpp,y_max_taichi,y_min_cpp,y_min_taichi,z_max_cpp,z_max_taichi,z_min_cpp,z_min_taichi
Fluid,24872,24872,0.0,1.0,1.0,0.0,0.0,-0.0817058138689603,-0.0817058138689603,1.1905078405508966,1.1905078404514438,0.24872809756033276,0.24872809756033276,1.0,1.0,0.0,20.0,0.0,0.0,0.0,0.0,1.5423628091812134,1.5423628091812134,-1.547478437423706,-1.547478437423706,3.1338717937469482,3.1338717937469482,0.14956533908843994,0.14956533908843994,1.1863449811935425,1.1863449811935425,-1.1700268983840942,-1.1700268983840942
Fluid,24872,24872,0.005,1.0,1.0,0.0,0.0,-0.08154089355624437,-0.0815408959531868,1.1902488751025992,1.1902488445244244,0.24853169171051728,0.24853168773115883,1.0,1.0,20.0,20.0,0.005,-1.1175999969220696e-10,1.077877,1.0778799,1.5423628091812134,1.5423628091812134,-1.547478437423706,-1.547478437423706,3.1414506435394287,3.1414501667022705,0.11687132716178894,0.11687160283327103,1.1863449811935425,1.1863449811935425,-1.1700268983840942,-1.1700268983840942
Fluid,24872,24872,0.01,1.0,1.0,0.0,0.0,-0.0813823511575417,-0.0813823391251345,1.1897798294585524,1.1897797557277003,0.24844909559906275,0.24844909162430587,1.0,1.0,20.0,20.0,0.01,-2.2351999938441391e-10,0.27153838,0.27154335,1.542885184288025,1.542885184288025,-1.5476394891738892,-1.5476394891738892,3.1412742137908936,3.1412737369537354,0.1152413859963417,0.11524192243814468,1.186665654182434,1.186665654182434,-1.1704169511795044,-1.1704169511795044
Fluid,24872,24872,0.015,1.0,1.0,0.0,0.0,-0.08123974025358595,-0.08123974405443948,1.1891007030214402,1.1891005418759741,0.24840738227750883,0.2484074075307593,1.0,1.0,20.0,20.0,0.015,-3.3529999957093715e-10,0.17384687,0.17386134,1.5433759689331055,1.543376088142395,-1.5477828979492188,-1.5477830171585083,3.140627861022949,3.14062762260437,0.11416903883218765,0.11416978389024734,1.186794400215149,1.186794400215149,-1.1706379652023315,-1.1706382036209106
Fluid,24872,24872,0.02,1.0,1.0,0.0,0.0,-0.08111026740150515,-0.08111031052430157,1.1882102443540368,1.1882100053657003,0.24838178420778462,0.2483818476448113,1.0,1.0,20.0,20.0,0.02,-4.4699999951491876e-10,0.18687718,0.18689144,1.543736219406128,1.5437363386154175,-1.5478571653366089,-1.5478572845458984,3.140486240386963,3.140486001968384,0.11315780878067017,0.1131584644317627,1.1868171691894531,1.1868171691894531,-1.1707736253738403,-1.170773983001709
Fluid,24872,24872,0.025,1.0,1.0,0.0,0.0,-0.08099531187058918,-0.08099540225376566,1.1871201965182627,1.187119877113562,0.24836327371786024,0.24836336697555716,1.0,1.0,20.0,20.0,0.025,-1.4901000017220056e-09,0.22120191,0.22121638,1.5439964532852173,1.5439965724945068,-1.5478825569152832,-1.5478827953338623,3.1404173374176025,3.1404168605804443,0.11208755522966385,0.11208809167146683,1.1868034601211548,1.1868035793304443,-1.1709063053131104,-1.170906662940979
Fluid,24872,24872,0.03,1.0,1.0,0.0,0.0,-0.08089349398497449,-0.0808936274054145,1.1858401887275185,1.1858397940342695,0.24834894837800206,0.2483490668879759,1.0,1.0,20.0,20.0,0.03,-2.5332000004596456e-09,0.25757283,0.25758687,1.5441899299621582,1.5441899299621582,-1.5478816032409668,-1.5478819608688354,3.140324354171753,3.1403238773345947,0.11090225726366043,0.11090273410081863,1.1867810487747192,1.1867811679840088,-1.171069622039795,-1.1710700988769531
Fluid,24872,24872,0.035,1.0,1.0,0.0,0.0,-0.0808034516772983,-0.08080362417788256,1.1843794088154054,1.1843789405422809,0.2483372980163781,0.248337437671703,1.0,1.0,20.0,20.0,0.035,-3.5763000061361794e-09,0.2931107,0.2931247,1.5443376302719116,1.5443377494812012,-1.5478686094284058,-1.5478689670562744,3.140216827392578,3.14021635055542,0.1095842644572258,0.10958467423915863,1.1867578029632568,1.186758041381836,-1.1712783575057983,-1.1712788343429565
Fluid,24872,24872,0.04,1.0,1.0,0.0,0.0,-0.08072402240668891,-0.08072423063818344,1.1827469329221187,1.1827463938939409,0.24832742465387378,0.2483275823863376,1.0,1.0,20.0,20.0,0.04,-4.619400001404372e-09,0.32717195,0.32718572,1.5444525480270386,1.5444525480270386,-1.5478521585464478,-1.5478525161743164,3.140101671218872,3.140101194381714,0.10812994837760925,0.10813029110431671,1.1867352724075317,1.1867355108261108,-1.1715385913848877,-1.171539068222046
Fluid,24872,24872,0.045,1.0,1.0,0.0,0.0,-0.08065410365474524,-0.08065434379215407,1.1809511918187543,1.1809505858123375,0.2483186977051993,0.24831887052245272,1.0,1.0,20.0,20.0,0.045,-5.662400000272516e-09,0.35969323,0.3597062,1.544542908668518,1.5445430278778076,-1.547837495803833,-1.5478378534317017,3.1399834156036377,3.1399827003479004,0.10654459148645401,0.10654490441083908,1.186713695526123,1.1867139339447021,-1.1718547344207764,-1.1718553304672241
Fluid,24872,24872,0.05,1.0,1.0,0.0,0.0,-0.08059269085250836,-0.08059295958188907,1.1790003316520676,1.1789996669992886,0.2483107602874092,0.24831094502957568,1.0,1.0,20.0,20.0,0.05,-6.705500002479603e-09,0.39065224,0.39066368,1.544614315032959,1.544614315032959,-1.5478276014328003,-1.5478280782699585,3.1398675441741943,3.139867067337036,0.10483458638191223,0.10483485460281372,1.1866921186447144,1.186692476272583,-1.1722286939620972,-1.172229290008545
Fluid,24872,24872,0.055,1.0,1.0,0.0,0.0,-0.0805388339005278,-0.08053912882046331,1.1769021393970283,1.1769014191722402,0.248303319847639,0.24830351442246298,1.0,1.0,20.0,20.0,0.055,-7.748599997747796e-09,0.4200943,0.42010537,1.5446697473526,1.5446697473526,-1.5478239059448242,-1.5478243827819824,3.139753818511963,3.1397531032562256,0.10300713777542114,0.10300739854574203,1.186670184135437,1.1866704225540161,-1.172666311264038,-1.1726669073104858
Fluid,24872,24872,0.06,1.0,1.0,0.0,0.0,-0.08049174155650342,-0.08049205937577084,1.1746637926267112,1.1746630229217043,0.2482961709010506,0.24829637386901116,1.0,1.0,20.0,20.0,0.06,-8.791699999954883e-09,0.4481263,0.44813615,1.544711947441101,1.5447120666503906,-1.547827124595642,-1.5478276014328003,3.1396427154541016,3.1396420001983643,0.10106717795133591,0.10106741636991501,1.1866472959518433,1.186647653579712,-1.1731675863265991,-1.1731681823730469
Fluid,24872,24872,0.065,1.0,1.0,0.0,0.0,-0.08045070935084522,-0.08045104754404836,1.1722916561679422,1.172290834712674,0.24828911824794422,0.24828932820846278,1.0,1.0,20.0,20.0,0.065,-9.83480000216197e-09,0.4749042,0.47491437,1.5447430610656738,1.5447431802749634,-1.5478378534317017,-1.5478384494781494,3.1395363807678223,3.139535665512085,0.0990188866853714,0.09901919960975647,1.1866235733032227,1.1866239309310913,-1.1737347841262817,-1.173735499382019
Fluid,24872,24872,0.07,1.0,1.0,0.0,0.0,-0.08041507985600369,-0.08041543665947287,1.1697921025189015,1.169791236917625,0.24828198736995738,0.24828220264004808,1.0,1.0,20.0,20.0,0.07,-7.152600012272359e-09,0.5004207,0.5004297,1.544764518737793,1.544764518737793,-1.547856092453003,-1.5478566884994507,3.139432191848755,3.1394314765930176,0.09686890244483948,0.09686914831399918,1.1865986585617065,1.1865990161895752,-1.174370527267456,-1.174371361732483
Fluid,24872,24872,0.075,1.0,1.0,0.0,0.0,-0.08038424916627988,-0.0803846227644285,1.1671712094077336,1.1671702944086166,0.24827468212892836,0.24827490064696534,1.0,1.0,20.0,20.0,0.075,-4.470299991288229e-09,0.5247304,0.5247403,1.544777750968933,1.544777750968933,-1.547881841659546,-1.5478824377059937,3.139331102371216,3.1393303871154785,0.09461704641580582,0.09461724013090134,1.1865723133087158,1.1865726709365845,-1.1750762462615967,-1.175077199935913
Fluid,24872,24872,0.08,1.0,1.0,0.0,0.0,-0.08035772092175225,-0.08035811028876623,1.1644339711774092,1.1644330056607075,0.24826715541233652,0.24826737680424804,1.0,1.0,20.0,20.0,0.08,-1.7881000013986181e-09,0.54804516,0.54805547,1.5447837114334106,1.5447837114334106,-1.5479148626327515,-1.5479155778884888,3.1392312049865723,3.139230489730835,0.09226836264133453,0.09226834028959274,1.1865445375442505,1.1865448951721191,-1.1758525371551514,-1.1758536100387573
Fluid,24872,24872,0.085,1.0,1.0,0.0,0.0,-0.08033495949382136,-0.0803353615110226,1.16158620741047,1.1615851884432216,0.2482592691883059,0.24825949149259302,1.0,1.0,20.0,20.0,0.085,8.940999884909928e-10,0.57020307,0.57021385,1.5447834730148315,1.5447834730148315,-1.5479549169540405,-1.5479555130004883,3.1391303539276123,3.139129400253296,0.08982251584529877,0.08982241898775101,1.1865153312683105,1.1865156888961792,-1.1767017841339111,-1.1767029762268066
Fluid,24872,24872,0.09,1.0,1.0,0.0,0.0,-0.08031560515829086,-0.08031601771027366,1.1586316979270646,1.1586306185805173,0.2482510401292031,0.24825126110106088,1.0,1.0,20.0,20.0,0.09,3.5763000061361794e-09,0.591609,0.5916212,1.544777274131775,1.544777274131775,-1.5480016469955444,-1.5480023622512817,3.1390256881713867,3.1390247344970703,0.08728550374507904,0.08728522807359695,1.1864845752716064,1.186484932899475,-1.1776225566864014,-1.177623987197876
Fluid,24872,24872,0.095,1.0,1.0,0.0,0.0,-0.08029924929512512,-0.08029966745506689,1.1555760546838136,1.1555749627819358,0.24824233490896724,0.24824255280212842,1.0,1.0,20.0,20.0,0.095,6.25849999602579e-09,0.6119031,0.6119057,1.5447660684585571,1.5447660684585571,-1.5480550527572632,-1.5480557680130005,3.138915777206421,3.1389148235321045,0.08465724438428879,0.08465711772441864,1.1864523887634277,1.1864527463912964,-1.1786155700683594,-1.178617000579834
Fluid,24872,24872,0.1,1.0,1.0,0.0,0.0,-0.08028564331402652,-0.08028606871697463,1.1524226504478972,1.1524215022772406,0.24823317416647347,0.24823338847588503,1.0,1.0,20.0,20.0,0.1,8.94099999593223e-09,0.63151723,0.63152844,1.544750452041626,1.544750452041626,-1.5481148958206177,-1.548115611076355,3.138803243637085,3.1388022899627686,0.08194389194250107,0.08194386959075928,1.1864186525344849,1.1864190101623535,-1.1796830892562866,-1.1796844005584717
